Row Labels,Sum of stag
Commercial,8.410677618
etc,8.936344969
HR,398.0944558
Marketing,4.435318275
Sales,26.4476386
Grand Total,446.3244353
